"year","reported_coverage","closest_pre_pandemic_year"
2020,0.915989010989011,2004
2021,0.909725274725275,2002
2022,0.918241758241758,2004
