"gavi_status","sample_size","mean(predicts_2020)","mean(actuals_2020)","point_estimate","low_bound","upper_bound","p_value"
"Accelerated transition phase",7,0.791702438794403,0.767142857142857,-0.0245595816515464,-0.0614400421386422,0.0123208788355495,0.154338885523564
"Fully self-financing",15,0.895756037385711,0.854,-0.0417560373857108,-0.0694044067052212,-0.0141076680662004,0.00593928551094501
"Initial self-financing",29,0.781523466809777,0.754137931034483,-0.0273855357752945,-0.0405351301946728,-0.0142359413559163,0.000205132188735227
"Never Gavi",82,0.928829209308392,0.90219512195122,-0.0266340873571724,-0.0376332063912529,-0.0156349683230919,6.661862855419e-06
"Preparatory transition phase",15,0.878850471303403,0.839333333333333,-0.0395171379700702,-0.0625113137223543,-0.0165229622177861,0.00244429707229879
