"un_region","sample_size","mean(predicts_2020)","mean(actuals_2020)","point_estimate","low_bound","upper_bound","p_value"
"Africa",47,0.868744436600654,0.841702127659574,-0.0270423089410796,-0.0372888890574572,-0.016795728824702,3.06045912538014e-06
"Americas",29,0.945919171693349,0.908275862068965,-0.0376433096243833,-0.0590709635315242,-0.0162156557172423,0.00121883932865674
"Asia",42,0.95123127440996,0.925,-0.02623127440996,-0.0380355003290506,-0.0144270484908694,5.72433333928546e-05
"Europe",38,0.971046807878544,0.966315789473684,-0.00473101840485945,-0.0102056235624723,0.000743586752753441,0.0882361390543056
"Oceania",11,0.924214748884555,0.923636363636364,-0.000578385248190998,-0.0292102790639712,0.0280535085675892,0.964985437964733
