"vaccine","sample_size","mean(predicts_2020)","mean(actuals_2020)","point_estimate","low_bound","upper_bound","p_value"
"DTP3",167,0.891847130609441,0.862694610778443,-0.0291525198309981,-0.0512761614294174,-0.0070288782325788,6.69065499419865e-14
