"income_group","sample_size","mean(predicts_2020)","mean(actuals_2020)","point_estimate","low_bound","upper_bound","p_value"
"LIC",24,0.834580886608985,0.814583333333333,-0.0199975532756516,-0.0335430235573784,-0.00645208299392477,0.00562738919565462
"LMIC",47,0.913940376113938,0.877234042553191,-0.0367063335607467,-0.0502125818869301,-0.0232000852345633,1.78560155151734e-06
"UMIC",38,0.943852818689896,0.914736842105263,-0.0291159765846331,-0.0442186311108657,-0.0140133220584006,0.0003838589812534
"HIC",39,0.974227581817467,0.965641025641026,-0.00858655617644191,-0.0168249421807994,-0.000348170172084476,0.0415038478527465
