"vaccine","sample_size","mean(predicts_2020)","mean(actuals_2020)","point_estimate","low_bound","upper_bound","p_value"
"DTP3",24,0.885062097315333,0.855540540540541,-0.103506249241799,-0.186272374997014,-0.0207401234865844,4.17522226032191e-10
