"year","reported_coverage","closest_pre_pandemic_year"
2020,0.859340659340659,2005
2021,0.846758241758242,2004
2022,0.855549450549451,2005
