"year","reported_coverage","closest_pre_pandemic_year"
2020,0.869505494505495,2005
2021,0.863956043956044,2004
2022,0.871648351648352,2005
